Produkt,Link,Preis,Region
PC-Notebook,https://www.ebay.ch/b/PC-Notebooks-Netbooks/177/bn_466644,1000,Zürich
PC-Notebook,https://www.ebay.ch/b/PC-Notebooks-Netbooks/177/bn_466644,1000,Zürich
PC-Notebook,https://www.ebay.ch/b/PC-Notebooks-Netbooks/177/bn_466644,500,Basel
Apple Air,https://www.ebay.ch/b/Apple-Notebooks/111422/bn_466752,9000,Genf
Samsung Tablet,https://www.ebay.ch/b/Computer-Tablets-Netzwerk/58058/bn_1845234,6000,Genf
Samsung Tablet,https://www.ebay.ch/b/Computer-Tablets-Netzwerk/58058/bn_1845234,150,St. Moritz
PC-Notebook,https://www.ebay.ch/b/PC-Notebooks-Netbooks/177/bn_466644,250,Zürich
PC-Notebook,https://www.ebay.ch/b/Computer-Tablets-Netzwerk/58058/bn_1845234,200,Genf
Samsung Tablet,https://www.ebay.ch/b/Computer-Tablets-Netzwerk/58058/bn_1845234,100,Winterthur
Apple Air,https://www.ebay.ch/b/Apple-Notebooks/111422/bn_466752,350,St. Gallen,https://www.ebay.ch/b/Apple-Notebooks/111422/bn_466752
PC-Notebook,https://www.ebay.ch/b/PC-Notebooks-Netbooks/177/bn_466644,6000,Chur,https://www.ebay.ch/b/PC-Notebooks-Netbooks/177/bn_466644
PC-Notebook,https://www.ebay.ch/b/PC-Notebooks-Netbooks/177/bn_466644,500,Davos,
PC-Notebook,https://www.ebay.ch/b/Apple-Notebooks/111422/bn_466752,500,Lenzerheide,
PC-Notebook,https://www.ebay.ch/b/Computer-Tablets-Netzwerk/58058/bn_1845234,400,Zürich,
PC-Notebook,https://www.ebay.ch/b/PC-Notebooks-Netbooks/177/bn_466644,1000,Zürich
PC-Notebook,https://www.ebay.ch/b/PC-Notebooks-Netbooks/177/bn_466644,1000,Zürich
PC-Notebook,https://www.ebay.ch/b/PC-Notebooks-Netbooks/177/bn_466644,500,Basel
Apple Air,https://www.ebay.ch/b/Apple-Notebooks/111422/bn_466752,9000,Genf
Samsung Tablet,https://www.ebay.ch/b/Computer-Tablets-Netzwerk/58058/bn_1845234,6000,Genf
Samsung Tablet,https://www.ebay.ch/b/Computer-Tablets-Netzwerk/58058/bn_1845234,150,St. Moritz
PC-Notebook,https://www.ebay.ch/b/PC-Notebooks-Netbooks/177/bn_466644,250,Zürich
PC-Notebook,https://www.ebay.ch/b/Computer-Tablets-Netzwerk/58058/bn_1845234,200,Genf
Samsung Tablet,https://www.ebay.ch/b/Computer-Tablets-Netzwerk/58058/bn_1845234,100,Winterthur
Apple Air,https://www.ebay.ch/b/Apple-Notebooks/111422/bn_466752,350,St. Gallen,https://www.ebay.ch/b/Apple-Notebooks/111422/bn_466752
PC-Notebook,https://www.ebay.ch/b/PC-Notebooks-Netbooks/177/bn_466644,6000,Chur,https://www.ebay.ch/b/PC-Notebooks-Netbooks/177/bn_466644
PC-Notebook,https://www.ebay.ch/b/PC-Notebooks-Netbooks/177/bn_466644,500,Davos,
PC-Notebook,https://www.ebay.ch/b/Apple-Notebooks/111422/bn_466752,500,Lenzerheide,
PC-Notebook,https://www.ebay.ch/b/Computer-Tablets-Netzwerk/58058/bn_1845234,400,Zürich,
